Employee_ID,Age,Gender,OverTime,MonthlyIncome,TotalWorkingYears,YearsAtCompany,JobSatisfaction,WorkLifeBalance,Department,Attrition
EMP_0000,50,Female,No,99999,35,5,3,1,HR,No
EMP_0001,36,Male,No,99999,19,17,3,1,HR,No
EMP_0002,29,Male,No,99999,12,17,2,1,Sales,Yes
EMP_0003,42,Male,No,99999,16,3,1,2,Sales,No
EMP_0004,40,Male,No,99999,10,16,4,2,R&D,No
EMP_0005,44,Female,Yes,99999,25,13,3,3,HR,No
EMP_0006,32,Female,No,14113,20,13,3,2,R&D,No
EMP_0007,32,Female,No,8939,31,12,1,4,Sales,No
EMP_0008,45,Male,No,8901,4,6,3,3,HR,No
EMP_0009,57,Female,No,6508,23,11,4,3,R&D,No
EMP_0010,45,Male,Yes,14785,2,14,2,4,R&D,No
EMP_0011,24,Female,No,4966,,18,3,4,R&D,No
EMP_0012,43,Male,No,4782,37,10,4,4,Sales,No
EMP_0013,23,Male,No,4356,8,14,3,3,Sales,No
EMP_0014,45,Female,No,10480,7,11,1,3,Sales,Yes
EMP_0015,51,Female,No,4498,14,2,3,3,HR,No
EMP_0016,59,Female,No,7976,3,16,3,4,Sales,No
EMP_0017,23,Female,No,11928,16,2,2,4,HR,No
EMP_0018,42,Male,Yes,7169,19,18,1,1,R&D,Yes
EMP_0019,54,Female,No,14836,18,19,1,2,R&D,No
EMP_0020,33,Female,Yes,11842,16,3,2,1,Sales,No
EMP_0021,43,Female,No,6818,8,2,3,4,R&D,No
EMP_0022,46,Male,No,9564,33,15,4,3,Sales,No
EMP_0023,48,Male,No,9946,12,11,1,4,HR,No
EMP_0024,49,Female,No,3931,11,7,1,2,R&D,No
EMP_0025,37,Male,Yes,8124,5,16,3,1,Sales,No
EMP_0026,36,Female,No,9961,27,6,3,1,R&D,No
EMP_0027,24,Male,No,4319,12,10,1,3,R&D,No
EMP_0028,58,Male,No,13016,17,17,3,1,Sales,No
EMP_0029,28,Male,No,3630,6,0,4,1,R&D,No
EMP_0030,42,Male,Yes,9063,33,2,1,4,R&D,Yes
EMP_0031,30,Female,No,5158,5,3,4,1,R&D,Yes
EMP_0032,39,Female,No,6000,28,12,4,1,R&D,No
EMP_0033,25,Female,No,11066,14,5,3,1,HR,No
EMP_0034,46,Male,Yes,4620,5,13,4,3,R&D,No
EMP_0035,35,Female,Yes,6520,33,4,3,3,R&D,No
EMP_0036,30,Female,No,12713,19,15,2,4,Sales,Yes
EMP_0037,47,Female,No,14397,22,14,3,1,HR,No
EMP_0038,23,Male,No,5759,5,14,4,3,Sales,No
EMP_0039,41,Male,No,14127,2,3,2,3,Sales,No
EMP_0040,49,Male,No,12581,30,7,3,4,Sales,No
EMP_0041,28,Female,Yes,4323,39,15,4,2,HR,No
EMP_0042,29,Female,No,3974,4,15,1,1,Sales,No
EMP_0043,56,Female,No,4742,33,3,1,3,Sales,No
EMP_0044,35,Male,No,5743,13,12,3,4,Sales,No
EMP_0045,38,Male,Yes,,20,12,3,4,R&D,No
EMP_0046,57,Female,No,7660,7,1,1,4,Sales,No
EMP_0047,25,Male,No,5634,15,2,4,3,HR,Yes
EMP_0048,23,Male,No,4570,23,7,4,1,HR,Yes
EMP_0049,27,Male,No,2859,14,14,4,2,R&D,No
EMP_0050,25,Male,No,12733,23,10,3,1,HR,No
EMP_0051,50,Female,No,3641,19,8,2,4,HR,No
EMP_0052,39,Male,No,4135,29,6,2,4,R&D,No
EMP_0053,47,Male,No,6500,20,12,2,2,Sales,No
EMP_0054,55,Male,No,12635,29,1,2,1,R&D,No
EMP_0055,31,Male,No,5861,24,7,2,4,Sales,No
EMP_0056,57,Female,No,,18,6,3,4,Sales,No
EMP_0057,35,Female,Yes,10335,10,11,3,1,HR,No
EMP_0058,52,Male,No,13672,8,18,2,4,R&D,No
EMP_0059,36,Male,Yes,2506,26,6,3,1,HR,No
EMP_0060,29,Male,Yes,5767,,9,3,4,HR,No
EMP_0061,35,Male,Yes,9064,10,15,2,1,Sales,No
EMP_0062,44,Male,No,12283,17,2,4,2,HR,No
EMP_0063,42,Male,Yes,7428,2,9,3,4,R&D,No
EMP_0064,37,Female,Yes,,6,5,4,2,HR,Yes
EMP_0065,39,Male,Yes,5106,5,17,3,4,HR,No
EMP_0066,45,Female,Yes,13911,28,17,3,4,Sales,No
EMP_0067,47,Female,No,8406,5,4,2,3,R&D,No
EMP_0068,46,Male,No,5773,18,6,3,1,HR,No
EMP_0069,50,Female,No,10111,26,1,1,2,Sales,No
EMP_0070,36,Female,No,3413,20,10,1,2,HR,No
EMP_0071,22,Female,No,4511,27,12,2,2,R&D,No
EMP_0072,46,Female,Yes,3942,12,4,4,1,HR,No
EMP_0073,28,Female,No,8046,,5,4,3,HR,No
EMP_0074,30,Female,No,13746,3,13,4,2,Sales,Yes
EMP_0075,45,Male,No,14238,10,11,1,1,HR,Yes
EMP_0076,22,Female,Yes,14913,34,3,4,4,Sales,No
EMP_0077,29,Female,No,13620,25,5,4,2,R&D,No
EMP_0078,45,Female,No,4329,35,9,2,2,HR,No
EMP_0079,32,Male,No,,16,17,4,3,R&D,No
EMP_0080,38,Female,Yes,8968,2,14,1,2,R&D,No
EMP_0081,29,Male,Yes,3429,24,7,1,2,HR,No
EMP_0082,56,Female,Yes,14451,10,8,1,4,Sales,No
EMP_0083,56,Male,No,6199,38,4,2,1,R&D,No
EMP_0084,54,Male,No,12155,22,9,2,1,R&D,No
EMP_0085,26,Female,Yes,13967,26,19,3,3,HR,No
EMP_0086,49,Female,Yes,3554,39,5,4,4,HR,No
EMP_0087,28,Male,No,,27,15,2,1,HR,No
EMP_0088,30,Female,Yes,4400,29,2,1,4,HR,No
EMP_0089,29,Male,Yes,12149,38,9,1,1,HR,Yes
EMP_0090,33,Male,No,9480,20,10,2,4,HR,No
EMP_0091,55,Male,Yes,9569,27,10,2,3,Sales,No
EMP_0092,54,Male,No,12091,20,16,2,2,R&D,No
EMP_0093,44,Male,No,5915,19,3,3,3,Sales,No
EMP_0094,45,Female,No,2942,20,3,1,1,Sales,No
EMP_0095,58,Male,Yes,14342,35,16,3,3,HR,No
EMP_0096,56,Male,Yes,8718,2,8,3,2,R&D,No
EMP_0097,43,Female,No,7152,30,18,4,3,Sales,No
EMP_0098,48,Male,No,10439,34,4,1,1,HR,No
EMP_0099,56,Female,No,10333,22,5,1,1,HR,No
EMP_0100,22,Female,Yes,11870,3,2,2,3,R&D,No
EMP_0101,56,Female,No,10097,6,0,2,2,Sales,No
EMP_0102,58,Male,No,6958,15,19,4,3,Sales,Yes
EMP_0103,35,Male,No,9091,27,15,3,2,Sales,No
EMP_0104,24,Male,No,11949,10,10,2,4,HR,No
EMP_0105,22,Female,No,14326,9,12,2,2,R&D,No
EMP_0106,26,Male,No,12533,33,9,1,4,R&D,No
EMP_0107,47,Female,No,4809,32,2,1,3,Sales,No
EMP_0108,35,Male,No,8768,6,8,2,2,HR,No
EMP_0109,48,Female,Yes,3410,36,11,1,4,Sales,Yes
EMP_0110,30,Male,No,6840,2,13,4,4,R&D,No
EMP_0111,36,Male,No,6509,29,0,2,4,HR,No
EMP_0112,36,Male,No,9128,4,17,1,1,Sales,No
EMP_0113,47,Female,No,4669,1,16,4,3,Sales,No
EMP_0114,34,Female,No,4672,19,8,1,4,HR,No
EMP_0115,53,Male,Yes,8168,26,8,1,2,R&D,No
EMP_0116,53,Male,Yes,8813,25,9,1,4,HR,No
EMP_0117,25,Female,Yes,10815,10,18,2,1,Sales,Yes
EMP_0118,51,Female,No,10536,15,14,3,3,Sales,No
EMP_0119,58,Female,No,13850,22,4,1,1,Sales,No
EMP_0120,44,Male,No,9289,21,14,4,1,Sales,Yes
EMP_0121,36,Female,No,3285,22,19,2,1,R&D,No
EMP_0122,50,Male,No,8639,36,1,2,2,R&D,No
EMP_0123,57,Female,No,8844,34,12,4,3,Sales,No
EMP_0124,34,Male,No,4916,30,15,1,3,R&D,No
EMP_0125,53,Female,No,11488,25,14,3,2,R&D,No
EMP_0126,28,Female,No,14864,28,9,1,3,R&D,No
EMP_0127,43,Female,Yes,6654,1,13,4,1,Sales,No
EMP_0128,49,Female,No,8119,4,9,2,3,HR,No
EMP_0129,23,Female,No,4436,7,13,3,2,HR,Yes
EMP_0130,27,Male,No,12848,9,8,2,1,HR,No
EMP_0131,49,Female,No,6307,36,13,4,2,Sales,No
EMP_0132,49,Female,No,9651,19,2,1,4,R&D,No
EMP_0133,41,Female,No,11993,1,19,3,1,R&D,No
EMP_0134,51,Male,No,14855,10,15,2,1,Sales,No
EMP_0135,32,Female,No,13832,36,1,2,3,Sales,No
EMP_0136,49,Male,No,5736,9,9,2,1,HR,No
EMP_0137,46,Female,No,4852,32,2,1,2,HR,No
EMP_0138,54,Female,Yes,,32,10,3,3,Sales,No
EMP_0139,22,Male,No,13413,6,10,1,4,HR,No
EMP_0140,48,Female,Yes,11056,38,12,1,2,R&D,Yes
EMP_0141,34,Male,No,7416,17,6,1,4,Sales,No
EMP_0142,24,Male,No,7998,10,16,4,4,Sales,No
EMP_0143,27,Female,No,13082,27,1,4,4,R&D,No
EMP_0144,29,Male,No,3446,35,11,4,1,R&D,No
EMP_0145,48,Female,No,12069,21,9,3,2,R&D,No
EMP_0146,30,Female,No,3939,25,17,1,2,HR,Yes
EMP_0147,58,Male,No,,28,10,1,1,Sales,Yes
EMP_0148,54,Male,No,10230,15,15,4,3,HR,Yes
EMP_0149,45,Male,Yes,7357,4,16,1,4,R&D,No
EMP_0150,36,Male,Yes,2840,29,18,1,2,HR,No
EMP_0151,53,Female,No,13681,9,17,2,1,R&D,Yes
EMP_0152,53,Female,Yes,2882,27,2,1,4,HR,No
EMP_0153,45,Male,No,12248,26,15,2,3,HR,No
EMP_0154,33,Female,No,10991,19,5,1,3,R&D,No
EMP_0155,23,Female,No,2638,28,11,3,4,HR,No
EMP_0156,24,Female,No,2858,17,10,4,3,Sales,No
EMP_0157,58,Female,No,7431,20,14,2,2,HR,No
EMP_0158,38,Male,No,12214,39,14,4,2,HR,No
EMP_0159,23,Male,No,5956,23,15,2,2,Sales,No
EMP_0160,23,Female,No,4127,32,9,2,3,R&D,No
EMP_0161,49,Male,No,11995,33,11,2,2,Sales,No
EMP_0162,44,Male,Yes,9126,5,12,3,1,HR,No
EMP_0163,58,Male,No,7504,34,3,1,2,R&D,No
EMP_0164,53,Female,No,11826,11,6,2,2,HR,No
EMP_0165,54,Female,No,12878,3,1,3,3,HR,No
EMP_0166,22,Female,Yes,9152,33,14,2,2,Sales,No
EMP_0167,40,Male,No,8916,11,7,1,4,Sales,No
EMP_0168,23,Female,Yes,5670,16,6,2,1,R&D,No
EMP_0169,47,Female,Yes,,18,14,3,3,R&D,No
EMP_0170,53,Male,No,10517,30,13,1,1,R&D,No
EMP_0171,27,Female,No,4651,10,7,3,4,HR,No
EMP_0172,53,Female,No,11929,18,11,1,3,Sales,No
EMP_0173,25,Male,No,14427,38,12,1,3,Sales,No
EMP_0174,32,Male,No,9405,19,10,4,2,Sales,No
EMP_0175,38,Male,No,5334,36,16,4,1,R&D,No
EMP_0176,59,Female,Yes,14952,13,16,4,4,Sales,No
EMP_0177,45,Female,No,,3,3,1,4,Sales,No
EMP_0178,26,Female,No,5067,10,7,2,3,Sales,No
EMP_0179,55,Male,No,3807,38,4,3,2,R&D,No
EMP_0180,27,Male,No,11348,1,15,3,3,Sales,Yes
EMP_0181,43,Female,No,5160,27,3,3,3,R&D,No
EMP_0182,32,Female,Yes,12903,8,14,4,3,Sales,No
EMP_0183,37,Male,No,12601,17,11,1,3,Sales,No
EMP_0184,54,Male,No,6230,9,4,4,4,Sales,No
EMP_0185,30,Male,Yes,12738,6,15,2,4,R&D,No
EMP_0186,27,Male,Yes,8707,25,13,1,3,R&D,Yes
EMP_0187,37,Female,No,5662,39,9,3,3,Sales,No
EMP_0188,50,Male,Yes,3640,28,6,4,2,HR,No
EMP_0189,24,Female,No,10958,33,12,4,3,R&D,No
EMP_0190,41,Female,No,12537,37,19,2,4,R&D,No
EMP_0191,57,Female,Yes,4208,9,4,2,1,Sales,No
EMP_0192,40,Male,No,6130,18,2,4,4,HR,No
EMP_0193,47,Male,No,5711,21,14,2,2,Sales,Yes
EMP_0194,24,Male,No,12985,2,3,3,4,R&D,No
EMP_0195,40,Male,Yes,14424,38,14,2,1,R&D,No
EMP_0196,41,Female,Yes,14521,36,13,2,3,Sales,No
EMP_0197,53,Male,No,9038,37,19,4,1,Sales,No
EMP_0198,28,Male,No,12202,15,18,4,3,HR,No
EMP_0199,54,Female,No,2975,28,12,1,3,HR,Yes
EMP_0200,39,Male,No,10184,18,9,1,4,R&D,No
EMP_0201,22,Female,No,11668,34,4,4,4,HR,No
EMP_0202,32,Female,Yes,3707,22,19,2,4,HR,No
EMP_0203,49,Female,No,4460,,19,2,2,R&D,No
EMP_0204,46,Female,No,3057,13,5,1,4,R&D,No
EMP_0205,44,Female,No,3382,4,3,1,2,R&D,No
EMP_0206,52,Female,No,12886,22,1,1,4,R&D,No
EMP_0207,51,Female,Yes,7261,7,15,3,3,Sales,No
EMP_0208,56,Female,No,13359,24,17,3,2,R&D,Yes
EMP_0209,28,Male,No,8367,4,4,1,1,R&D,Yes
EMP_0210,37,Male,No,9463,28,3,2,2,R&D,No
EMP_0211,47,Male,No,9666,15,12,1,2,HR,No
EMP_0212,23,Male,No,10429,1,18,3,1,R&D,No
EMP_0213,22,Female,No,7847,,1,2,2,Sales,No
EMP_0214,33,Male,Yes,9769,14,12,3,3,Sales,No
EMP_0215,26,Female,No,12302,38,10,2,4,R&D,No
EMP_0216,58,Male,Yes,14180,1,3,3,1,Sales,No
EMP_0217,53,Male,Yes,10625,38,19,2,4,HR,No
EMP_0218,30,Male,No,4954,,19,2,3,R&D,No
EMP_0219,56,Female,No,6994,21,14,2,1,Sales,No
EMP_0220,40,Male,No,4446,29,3,2,4,Sales,No
EMP_0221,37,Female,Yes,5308,5,8,4,4,R&D,No
EMP_0222,24,Female,No,9142,10,6,3,3,Sales,No
EMP_0223,41,Male,Yes,6325,28,18,3,4,R&D,Yes
EMP_0224,45,Male,Yes,6036,21,18,4,3,Sales,No
EMP_0225,54,Male,No,8568,7,5,2,2,HR,No
EMP_0226,45,Female,Yes,6302,3,5,2,3,Sales,No
EMP_0227,32,Male,No,14869,20,19,3,2,Sales,Yes
EMP_0228,29,Female,Yes,7199,19,14,4,1,R&D,No
EMP_0229,57,Female,Yes,,35,14,2,4,Sales,No
EMP_0230,59,Male,Yes,8306,4,19,2,3,R&D,No
EMP_0231,41,Male,No,8642,5,8,2,3,HR,No
EMP_0232,56,Female,No,14514,1,3,1,4,R&D,No
EMP_0233,46,Female,No,5319,4,17,4,4,R&D,Yes
EMP_0234,56,Female,No,11594,12,17,2,1,Sales,No
EMP_0235,46,Male,No,2864,27,4,1,1,HR,No
EMP_0236,50,Female,Yes,6758,23,19,4,3,R&D,No
EMP_0237,39,Male,No,5619,25,10,2,1,Sales,No
EMP_0238,39,Female,No,13250,21,4,3,2,Sales,No
EMP_0239,23,Female,No,4363,24,3,1,1,R&D,No
EMP_0240,56,Male,No,2615,25,11,1,1,Sales,No
EMP_0241,37,Female,No,9584,32,1,2,3,R&D,No
EMP_0242,57,Male,No,10516,32,12,2,2,R&D,No
EMP_0243,54,Male,Yes,4884,5,9,1,1,R&D,No
EMP_0244,25,Female,No,6435,36,8,3,2,HR,No
EMP_0245,54,Male,No,10242,39,9,3,2,R&D,No
EMP_0246,35,Male,No,,16,6,4,2,Sales,No
EMP_0247,42,Female,No,4990,33,3,2,4,HR,No
EMP_0248,41,Male,No,9480,21,18,3,4,Sales,No
EMP_0249,29,Male,No,11634,9,9,4,4,HR,No
EMP_0250,28,Male,No,10161,6,2,3,4,HR,Yes
EMP_0251,24,Female,No,4224,35,18,2,3,HR,No
EMP_0252,38,Male,No,13026,39,1,4,1,HR,No
EMP_0253,54,Female,Yes,10682,22,19,4,4,Sales,Yes
EMP_0254,33,Female,No,5267,5,9,4,3,R&D,No
EMP_0255,43,Male,Yes,3637,23,1,3,1,Sales,No
EMP_0256,43,Male,No,13219,17,1,2,4,R&D,No
EMP_0257,51,Male,No,6617,12,16,4,1,Sales,No
EMP_0258,59,Female,Yes,5920,23,15,1,4,HR,No
EMP_0259,59,Male,No,8345,16,15,2,3,HR,No
EMP_0260,29,Male,Yes,7278,3,13,1,2,R&D,No
EMP_0261,48,Male,Yes,6406,30,6,1,2,R&D,No
EMP_0262,48,Male,No,6137,22,10,4,1,Sales,Yes
EMP_0263,55,Male,No,5453,9,0,4,3,R&D,No
EMP_0264,42,Female,No,8429,29,10,3,2,Sales,No
EMP_0265,51,Female,No,13059,37,3,3,4,R&D,No
EMP_0266,54,Male,No,14913,23,6,3,2,R&D,No
EMP_0267,49,Male,No,2776,13,14,2,1,R&D,No
EMP_0268,54,Male,Yes,4499,32,17,3,1,HR,No
EMP_0269,26,Male,No,3727,23,11,1,3,HR,No
EMP_0270,40,Female,No,,17,16,3,1,Sales,No
EMP_0271,25,Male,No,14444,21,0,4,2,R&D,No
EMP_0272,56,Female,Yes,6235,2,10,3,2,Sales,Yes
EMP_0273,38,Female,No,3195,37,0,2,2,R&D,No
EMP_0274,49,Male,No,12001,6,14,2,2,HR,No
EMP_0275,51,Female,No,6652,18,9,1,3,HR,No
EMP_0276,50,Female,Yes,10401,30,6,2,4,R&D,No
EMP_0277,27,Female,No,9970,22,1,3,4,R&D,No
EMP_0278,56,Female,No,13926,33,9,4,3,HR,No
EMP_0279,58,Male,No,14806,30,3,2,1,HR,No
EMP_0280,45,Male,No,10037,17,11,1,4,Sales,No
EMP_0281,50,Female,Yes,13003,32,18,3,1,HR,No
EMP_0282,52,Male,No,5341,14,10,1,4,R&D,No
EMP_0283,56,Male,Yes,6708,10,7,2,1,Sales,No
EMP_0284,54,Male,No,14251,36,17,2,3,R&D,No
EMP_0285,42,Male,No,14090,34,10,1,2,Sales,No
EMP_0286,53,Male,Yes,11233,9,10,3,1,R&D,No
EMP_0287,44,Female,No,13386,28,12,2,2,HR,No
EMP_0288,54,Male,Yes,3588,11,2,4,1,R&D,No
EMP_0289,24,Male,Yes,5863,14,11,2,1,Sales,No
EMP_0290,39,Male,No,2524,39,2,3,1,R&D,No
EMP_0291,46,Male,No,12264,19,9,2,1,Sales,No
EMP_0292,52,Female,No,,15,16,1,1,R&D,Yes
EMP_0293,24,Female,No,13650,28,1,2,2,HR,No
EMP_0294,45,Female,Yes,8168,24,16,2,1,HR,No
EMP_0295,53,Female,Yes,6736,8,15,3,2,R&D,No
EMP_0296,43,Male,Yes,12459,9,1,1,3,R&D,No
EMP_0297,44,Female,Yes,10568,33,19,3,4,R&D,No
EMP_0298,23,Male,No,4735,33,5,2,1,Sales,No
EMP_0299,48,Male,No,9795,19,9,4,4,R&D,No
EMP_0300,23,Male,No,10892,3,9,2,2,R&D,No
EMP_0301,47,Male,Yes,13890,10,7,3,3,Sales,No
EMP_0302,38,Male,No,10948,1,0,4,3,HR,No
EMP_0303,54,Female,No,6247,29,12,3,3,R&D,No
EMP_0304,30,Female,Yes,12933,34,8,3,4,R&D,No
EMP_0305,50,Female,No,5675,13,9,1,2,HR,No
EMP_0306,47,Female,No,14298,1,14,4,1,HR,Yes
EMP_0307,56,Male,Yes,14028,34,4,2,1,Sales,No
EMP_0308,46,Female,No,7397,29,15,3,2,R&D,Yes
EMP_0309,45,Male,No,7537,13,12,2,4,R&D,No
EMP_0310,34,Female,No,9927,29,19,1,1,Sales,No
EMP_0311,28,Male,No,11105,39,17,1,2,HR,No
EMP_0312,57,Male,No,4514,24,10,4,1,Sales,No
EMP_0313,41,Female,No,3881,26,8,1,3,HR,No
EMP_0314,22,Male,No,3598,17,15,1,1,Sales,No
EMP_0315,29,Male,No,5926,7,1,2,4,HR,No
EMP_0316,37,Female,No,6155,13,1,1,2,Sales,No
EMP_0317,35,Male,No,10438,5,11,1,4,HR,No
EMP_0318,33,Female,No,11601,26,7,3,2,HR,No
EMP_0319,44,Female,Yes,2687,3,8,1,3,HR,No
EMP_0320,36,Female,Yes,14736,7,11,3,2,HR,No
EMP_0321,49,Male,No,14448,39,8,1,1,HR,No
EMP_0322,55,Male,No,12707,1,9,1,1,R&D,Yes
EMP_0323,23,Male,Yes,7909,17,1,4,3,HR,No
EMP_0324,53,Female,Yes,4592,25,15,4,2,R&D,No
EMP_0325,44,Male,Yes,14336,3,19,3,3,HR,No
EMP_0326,43,Female,No,4630,15,6,1,1,R&D,No
EMP_0327,46,Female,No,7742,29,1,2,4,R&D,No
EMP_0328,43,Male,No,11049,32,0,4,3,Sales,No
EMP_0329,43,Female,No,8147,26,18,2,4,HR,No
EMP_0330,27,Male,No,7685,16,3,4,4,Sales,Yes
EMP_0331,36,Male,No,8276,25,1,4,2,Sales,No
EMP_0332,58,Male,No,13114,28,13,1,3,HR,No
EMP_0333,54,Male,Yes,14949,9,1,4,4,Sales,No
EMP_0334,29,Male,No,10413,1,14,2,4,HR,No
EMP_0335,26,Female,No,10047,29,11,4,2,Sales,No
EMP_0336,25,Female,No,10323,22,4,3,2,HR,No
EMP_0337,27,Female,No,9855,16,19,1,1,HR,No
EMP_0338,53,Male,No,8965,7,6,1,4,HR,No
EMP_0339,51,Male,No,3997,14,9,3,1,R&D,Yes
EMP_0340,56,Male,Yes,12850,29,13,3,4,Sales,No
EMP_0341,37,Female,No,5055,19,13,3,1,R&D,No
EMP_0342,34,Male,No,7909,19,4,4,2,Sales,No
EMP_0343,51,Female,Yes,13034,2,17,1,3,Sales,No
EMP_0344,40,Female,Yes,5451,15,13,3,2,Sales,No
EMP_0345,38,Male,No,3738,3,1,4,1,R&D,No
EMP_0346,40,Male,Yes,11665,11,11,3,1,Sales,No
EMP_0347,49,Female,No,7227,30,5,2,3,R&D,No
EMP_0348,47,Male,No,6465,18,3,2,4,HR,No
EMP_0349,58,Female,No,8186,2,12,1,1,Sales,No
EMP_0350,47,Male,Yes,11742,32,3,4,1,Sales,No
EMP_0351,44,Male,No,6201,8,13,2,1,HR,No
EMP_0352,30,Female,Yes,5280,22,15,2,3,HR,Yes
EMP_0353,33,Male,Yes,9898,6,3,4,2,Sales,Yes
EMP_0354,22,Female,No,4088,12,0,3,1,HR,No
EMP_0355,22,Male,No,14570,36,12,4,3,R&D,No
EMP_0356,55,Female,No,4868,15,3,3,1,R&D,No
EMP_0357,53,Female,No,8289,28,19,2,4,Sales,No
EMP_0358,46,Male,Yes,2936,18,17,2,3,R&D,No
EMP_0359,22,Female,Yes,5328,2,5,2,1,R&D,No
EMP_0360,37,Male,No,4056,13,2,1,3,Sales,No
EMP_0361,26,Male,No,10070,15,12,1,1,HR,Yes
EMP_0362,43,Male,No,14550,20,15,1,2,Sales,No
EMP_0363,50,Female,Yes,9980,29,4,4,1,R&D,No
EMP_0364,24,Female,No,11996,29,3,2,3,Sales,No
EMP_0365,33,Male,Yes,13076,3,7,2,4,Sales,No
EMP_0366,47,Male,Yes,2682,19,18,4,4,R&D,No
EMP_0367,37,Female,No,9690,3,13,1,4,R&D,No
EMP_0368,58,Male,Yes,9187,14,6,4,1,Sales,Yes
EMP_0369,43,Male,Yes,8065,4,13,1,2,R&D,No
EMP_0370,50,Female,No,9741,11,5,2,1,R&D,No
EMP_0371,35,Male,No,10151,31,11,3,4,R&D,No
EMP_0372,49,Female,No,8075,32,15,1,3,R&D,No
EMP_0373,26,Male,Yes,,27,16,2,4,R&D,No
EMP_0374,51,Female,Yes,12279,30,12,2,3,R&D,Yes
EMP_0375,26,Male,Yes,11351,2,13,3,2,HR,No
EMP_0376,33,Male,Yes,2659,9,6,2,3,Sales,No
EMP_0377,37,Female,No,14645,28,13,2,1,R&D,No
EMP_0378,47,Male,No,9055,31,14,1,1,Sales,Yes
EMP_0379,47,Female,No,11703,34,11,1,1,HR,No
EMP_0380,42,Male,No,10744,15,16,3,3,R&D,No
EMP_0381,57,Female,No,9346,,8,3,1,Sales,No
EMP_0382,54,Female,No,4807,36,14,2,1,R&D,No
EMP_0383,51,Female,No,3728,8,11,1,1,R&D,No
EMP_0384,58,Female,No,9726,9,1,3,2,R&D,No
EMP_0385,44,Male,No,8090,37,4,3,3,R&D,No
EMP_0386,31,Male,Yes,9419,39,12,4,3,R&D,No
EMP_0387,26,Female,No,8085,32,19,3,4,R&D,No
EMP_0388,57,Female,No,11727,17,7,2,3,R&D,No
EMP_0389,55,Female,Yes,14394,35,13,1,2,HR,No
EMP_0390,52,Male,Yes,8546,37,14,3,3,HR,No
EMP_0391,31,Male,No,14737,19,10,4,2,R&D,No
EMP_0392,40,Male,No,7445,29,0,1,2,R&D,No
EMP_0393,53,Male,No,10427,7,2,3,3,HR,No
EMP_0394,22,Female,No,9516,28,16,4,4,HR,No
EMP_0395,26,Female,Yes,10258,9,18,3,1,HR,No
EMP_0396,25,Female,No,7586,28,13,1,1,R&D,Yes
EMP_0397,37,Male,No,11956,6,7,1,3,Sales,Yes
EMP_0398,45,Male,No,9661,29,12,1,3,Sales,No
EMP_0399,37,Male,No,4384,17,19,2,2,Sales,No
EMP_0400,23,Female,Yes,4309,16,2,3,3,Sales,No
EMP_0401,49,Female,Yes,5667,23,4,2,2,R&D,No
EMP_0402,53,Male,Yes,14489,31,8,1,4,Sales,No
EMP_0403,48,Female,No,13033,3,5,4,3,HR,No
EMP_0404,41,Male,Yes,8852,21,1,3,1,HR,No
EMP_0405,45,Male,No,14106,26,12,2,1,Sales,No
EMP_0406,33,Female,No,11509,36,4,3,3,HR,No
EMP_0407,56,Male,Yes,8556,37,7,4,2,R&D,No
EMP_0408,54,Female,Yes,4937,22,0,2,1,Sales,No
EMP_0409,54,Male,Yes,8968,12,19,1,2,Sales,Yes
EMP_0410,58,Female,No,11580,13,11,2,3,R&D,Yes
EMP_0411,33,Female,Yes,8451,11,10,3,3,HR,Yes
EMP_0412,24,Female,No,7776,16,6,3,1,R&D,No
EMP_0413,22,Male,No,11359,8,14,3,3,R&D,No
EMP_0414,54,Male,No,10318,2,10,3,4,HR,No
EMP_0415,31,Female,No,7228,30,15,1,4,R&D,No
EMP_0416,50,Female,No,,30,2,2,1,HR,No
EMP_0417,34,Male,No,8238,12,19,1,4,HR,No
EMP_0418,33,Male,Yes,6732,10,13,1,2,R&D,No
EMP_0419,52,Male,Yes,8293,11,2,1,1,HR,Yes
EMP_0420,23,Female,No,7023,15,0,3,1,R&D,No
EMP_0421,56,Male,No,8071,16,14,3,2,HR,No
EMP_0422,44,Male,No,11510,17,0,3,4,Sales,Yes
EMP_0423,38,Female,Yes,12880,26,16,2,4,HR,No
EMP_0424,47,Male,Yes,11798,2,1,4,4,HR,No
EMP_0425,29,Male,No,4724,12,19,3,1,R&D,No
EMP_0426,50,Male,Yes,10889,26,5,2,1,HR,Yes
EMP_0427,47,Female,No,13363,23,7,3,4,Sales,Yes
EMP_0428,31,Female,No,8591,18,15,3,3,Sales,No
EMP_0429,47,Female,No,14184,32,18,1,4,HR,Yes
EMP_0430,55,Female,No,13140,38,0,1,2,HR,No
EMP_0431,28,Female,No,11162,3,2,1,1,Sales,No
EMP_0432,25,Female,Yes,8861,38,2,2,2,R&D,No
EMP_0433,32,Female,No,,3,4,4,2,Sales,No
EMP_0434,50,Male,No,14591,30,11,4,1,Sales,No
EMP_0435,57,Male,No,12702,1,11,2,3,HR,Yes
EMP_0436,46,Female,Yes,14492,30,19,3,4,HR,No
EMP_0437,42,Male,No,9594,32,12,2,2,Sales,No
EMP_0438,57,Male,No,8818,28,19,3,1,R&D,No
EMP_0439,31,Female,Yes,14810,21,8,2,2,Sales,No
EMP_0440,58,Male,Yes,6296,13,6,2,4,Sales,No
EMP_0441,30,Male,No,14680,27,3,2,3,R&D,No
EMP_0442,45,Male,No,2734,36,18,4,3,Sales,No
EMP_0443,56,Male,No,,7,18,1,3,Sales,No
EMP_0444,56,Male,Yes,6107,22,5,2,1,HR,No
EMP_0445,57,Female,Yes,10543,10,12,4,1,R&D,No
EMP_0446,39,Female,No,3022,39,10,1,3,HR,Yes
EMP_0447,53,Female,No,8404,15,12,1,4,HR,No
EMP_0448,45,Male,No,14215,15,12,2,4,R&D,No
EMP_0449,44,Female,No,7388,4,19,3,1,R&D,No
EMP_0450,53,Male,No,12321,32,14,3,3,Sales,No
EMP_0451,58,Male,No,8332,23,12,3,4,HR,No
EMP_0452,33,Male,No,9622,6,10,2,4,R&D,No
EMP_0453,34,Male,No,8342,24,18,3,4,HR,No
EMP_0454,44,Female,No,3816,20,7,4,1,HR,No
EMP_0455,46,Female,No,13549,37,19,4,3,R&D,Yes
EMP_0456,56,Male,No,3624,20,7,4,2,Sales,No
EMP_0457,51,Female,Yes,8121,12,9,4,3,HR,No
EMP_0458,38,Male,No,7923,33,15,1,3,R&D,Yes
EMP_0459,41,Female,Yes,5087,28,18,4,1,Sales,No
EMP_0460,46,Female,No,11715,8,10,3,4,HR,No
EMP_0461,43,Male,No,8172,1,12,2,4,R&D,No
EMP_0462,34,Female,No,3878,37,8,3,1,HR,No
EMP_0463,40,Male,Yes,5874,22,19,4,1,R&D,No
EMP_0464,57,Female,No,4019,6,18,1,1,R&D,No
EMP_0465,33,Male,No,8277,21,15,4,1,HR,No
EMP_0466,40,Male,Yes,10435,32,6,2,1,HR,No
EMP_0467,33,Female,Yes,8593,35,18,3,2,R&D,No
EMP_0468,30,Female,Yes,10918,15,11,2,3,Sales,Yes
EMP_0469,28,Male,Yes,7855,5,14,2,3,HR,No
EMP_0470,49,Female,No,7468,6,13,2,3,R&D,No
EMP_0471,35,Female,No,11583,25,10,3,4,R&D,Yes
EMP_0472,52,Male,No,8074,29,9,4,2,Sales,Yes
EMP_0473,40,Male,No,6572,7,10,2,3,Sales,No
EMP_0474,37,Female,Yes,4757,13,5,3,4,Sales,No
EMP_0475,26,Male,No,13480,,1,1,2,HR,Yes
EMP_0476,56,Male,Yes,11088,18,10,3,2,R&D,No
EMP_0477,33,Male,No,12770,2,18,1,4,R&D,No
EMP_0478,46,Female,No,6924,8,5,3,2,R&D,No
EMP_0479,42,Female,No,5737,11,13,4,4,Sales,No
EMP_0480,57,Male,No,6393,33,19,2,3,R&D,No
EMP_0481,44,Female,Yes,4505,38,5,4,4,HR,No
EMP_0482,37,Male,Yes,4516,27,16,3,2,Sales,No
EMP_0483,35,Female,Yes,13863,20,9,2,3,Sales,No
EMP_0484,52,Male,No,13360,12,0,1,3,Sales,No
EMP_0485,26,Male,Yes,12570,31,2,3,1,Sales,No
EMP_0486,56,Female,No,11888,27,7,2,1,HR,No
EMP_0487,44,Male,No,4272,32,7,1,2,R&D,Yes
EMP_0488,50,Female,No,10853,10,19,1,4,HR,Yes
EMP_0489,32,Female,Yes,6476,3,14,4,4,R&D,No
EMP_0490,39,Male,Yes,4251,27,6,3,2,HR,No
EMP_0491,33,Male,No,11467,35,10,1,3,Sales,No
EMP_0492,30,Female,No,9930,31,6,2,2,Sales,No
EMP_0493,31,Male,No,9670,15,3,1,2,HR,No
EMP_0494,38,Male,Yes,8969,16,11,1,3,HR,Yes
EMP_0495,59,Male,No,11631,13,5,4,4,R&D,Yes
EMP_0496,28,Male,No,5720,35,13,4,2,HR,No
EMP_0497,34,Male,No,3039,11,11,2,4,HR,No
EMP_0498,30,Female,No,3961,21,10,4,2,R&D,No
EMP_0499,48,Female,Yes,7684,11,18,1,3,R&D,No
EMP_0500,23,Male,No,11047,30,4,1,3,R&D,No
EMP_0501,26,Male,No,14296,35,13,4,1,HR,No
EMP_0502,50,Male,Yes,14015,22,15,1,3,R&D,No
EMP_0503,58,Female,No,2734,38,12,1,1,Sales,No
EMP_0504,59,Male,No,4048,31,19,2,2,Sales,No
EMP_0505,40,Female,No,9980,14,3,4,4,Sales,No
EMP_0506,29,Female,Yes,12788,24,10,1,3,HR,Yes
EMP_0507,22,Female,Yes,6713,32,16,4,3,Sales,Yes
EMP_0508,43,Male,No,12793,36,6,2,3,HR,No
EMP_0509,38,Female,No,4173,32,13,4,2,HR,No
EMP_0510,28,Male,Yes,9208,15,10,1,1,Sales,No
EMP_0511,46,Female,No,10482,35,8,4,2,R&D,Yes
EMP_0512,25,Male,No,4600,3,12,1,4,HR,No
EMP_0513,57,Female,Yes,14349,16,17,1,2,Sales,No
EMP_0514,27,Male,No,14288,5,10,1,4,HR,No
EMP_0515,52,Female,Yes,6248,21,14,2,3,R&D,No
EMP_0516,40,Male,No,5673,10,18,4,4,R&D,No
EMP_0517,48,Male,No,4315,19,0,2,4,Sales,No
EMP_0518,31,Male,Yes,6341,25,3,4,1,HR,No
EMP_0519,47,Male,No,12697,4,13,2,4,HR,No
EMP_0520,40,Female,No,10516,29,13,3,4,HR,No
EMP_0521,24,Female,No,9511,19,2,1,2,HR,Yes
EMP_0522,34,Male,No,6993,2,16,1,3,Sales,No
EMP_0523,49,Female,No,3174,10,2,2,2,R&D,Yes
EMP_0524,41,Male,Yes,10588,25,15,3,2,Sales,No
EMP_0525,49,Male,Yes,11078,20,13,1,3,HR,No
EMP_0526,29,Female,Yes,4658,19,19,4,3,HR,No
EMP_0527,22,Male,No,5161,23,12,2,4,R&D,No
EMP_0528,24,Male,No,4564,24,14,1,4,HR,No
EMP_0529,34,Female,No,14543,11,13,1,1,Sales,No
EMP_0530,49,Male,Yes,5753,34,18,2,2,Sales,No
EMP_0531,46,Male,No,7479,28,5,2,3,R&D,No
EMP_0532,54,Male,No,10203,5,9,4,4,Sales,Yes
EMP_0533,59,Male,No,14958,5,14,4,3,Sales,No
EMP_0534,27,Female,No,11431,21,19,1,4,Sales,No
EMP_0535,53,Female,Yes,3901,12,5,1,1,Sales,No
EMP_0536,42,Female,Yes,5759,4,9,2,1,HR,No
EMP_0537,37,Male,No,12969,20,6,1,3,Sales,No
EMP_0538,42,Male,No,14596,,16,1,1,R&D,No
EMP_0539,32,Female,No,6423,25,17,2,3,R&D,No
EMP_0540,58,Male,No,6714,14,16,1,4,Sales,No
EMP_0541,57,Male,No,5727,11,8,1,2,R&D,No
EMP_0542,56,Male,No,13523,,9,3,1,Sales,No
EMP_0543,40,Male,No,14450,11,9,4,4,R&D,No
EMP_0544,41,Female,No,13204,18,6,2,2,R&D,No
EMP_0545,39,Female,No,12843,27,15,3,2,Sales,No
EMP_0546,35,Female,No,14367,18,17,4,2,Sales,No
EMP_0547,36,Male,No,5245,23,5,4,4,HR,No
EMP_0548,52,Female,No,8591,11,19,4,4,Sales,No
EMP_0549,22,Female,No,6366,21,0,3,3,Sales,No
EMP_0550,24,Male,Yes,14456,5,0,3,2,HR,Yes
EMP_0551,37,Male,No,8318,23,11,4,2,Sales,No
EMP_0552,44,Female,No,4722,25,1,1,2,Sales,No
EMP_0553,32,Female,No,5292,10,3,1,3,HR,No
EMP_0554,33,Female,No,,22,16,3,2,Sales,No
EMP_0555,31,Female,No,14154,19,3,3,4,Sales,No
EMP_0556,53,Male,No,6563,1,10,3,2,HR,No
EMP_0557,37,Female,No,4024,7,3,4,1,HR,No
EMP_0558,29,Female,Yes,10724,4,0,1,4,R&D,No
EMP_0559,59,Male,No,8698,1,6,3,3,Sales,No
EMP_0560,33,Female,No,6525,15,17,3,2,R&D,No
EMP_0561,45,Male,No,,12,8,2,1,R&D,No
EMP_0562,49,Male,Yes,5303,22,2,4,3,HR,No
EMP_0563,29,Male,Yes,14588,22,7,2,3,Sales,No
EMP_0564,49,Female,No,6209,17,18,1,4,Sales,Yes
EMP_0565,57,Female,Yes,8655,29,3,2,3,HR,No
EMP_0566,47,Male,Yes,3219,14,17,2,3,R&D,No
EMP_0567,29,Female,Yes,9016,20,19,2,3,HR,No
EMP_0568,49,Female,Yes,7079,33,10,4,3,Sales,No
EMP_0569,49,Male,Yes,3472,15,13,1,2,HR,No
EMP_0570,58,Male,No,6218,12,17,2,2,Sales,No
EMP_0571,57,Female,No,9895,20,15,4,2,R&D,No
EMP_0572,48,Male,No,6902,,2,1,2,Sales,No
EMP_0573,38,Female,No,7052,38,14,3,1,R&D,No
EMP_0574,30,Female,No,4707,3,3,2,2,R&D,No
EMP_0575,54,Female,Yes,6926,28,4,1,3,Sales,Yes
EMP_0576,41,Female,Yes,9419,26,16,2,2,Sales,Yes
EMP_0577,34,Male,No,13722,30,6,3,2,R&D,Yes
EMP_0578,49,Male,Yes,14267,13,15,1,4,HR,No
EMP_0579,50,Male,No,13808,13,13,4,3,Sales,No
EMP_0580,34,Male,No,13977,2,15,1,2,R&D,Yes
EMP_0581,56,Female,No,11335,37,6,4,2,R&D,No
EMP_0582,27,Female,Yes,10886,38,8,1,2,HR,Yes
EMP_0583,39,Male,No,14688,2,3,4,1,Sales,No
EMP_0584,26,Female,No,11180,36,10,3,2,R&D,No
EMP_0585,46,Female,Yes,4704,26,1,3,4,HR,No
EMP_0586,23,Female,No,13349,11,11,3,3,R&D,No
EMP_0587,31,Male,No,7845,8,11,1,3,Sales,No
EMP_0588,51,Male,No,5776,22,3,3,2,HR,No
EMP_0589,26,Male,Yes,3602,20,17,2,2,R&D,No
EMP_0590,54,Female,No,7743,8,6,3,2,HR,No
EMP_0591,22,Male,No,9114,29,0,4,3,Sales,Yes
EMP_0592,39,Male,No,11933,26,12,4,3,HR,Yes
EMP_0593,53,Male,Yes,11207,30,5,4,1,Sales,No
EMP_0594,32,Male,No,7723,17,5,1,4,R&D,No
EMP_0595,42,Male,Yes,11084,20,11,2,1,Sales,No
EMP_0596,47,Male,No,3130,16,7,3,4,R&D,No
EMP_0597,46,Female,Yes,14408,7,18,2,1,R&D,No
EMP_0598,43,Female,No,12539,16,4,2,3,Sales,No
EMP_0599,48,Male,No,13347,27,17,4,1,R&D,No
EMP_0600,34,Male,No,11671,,4,4,4,HR,No
EMP_0601,54,Female,Yes,14094,24,9,4,2,R&D,No
EMP_0602,55,Female,Yes,14563,9,0,1,4,Sales,No
EMP_0603,56,Male,No,9183,35,9,2,2,HR,No
EMP_0604,22,Male,No,2777,20,4,2,3,HR,No
EMP_0605,42,Male,Yes,,,11,1,4,R&D,No
EMP_0606,27,Male,No,12244,17,6,1,1,R&D,Yes
EMP_0607,49,Female,No,8190,31,8,1,4,Sales,Yes
EMP_0608,38,Male,No,10159,8,11,2,2,HR,No
EMP_0609,26,Male,No,13962,15,0,2,3,Sales,No
EMP_0610,52,Male,No,13101,31,10,4,1,R&D,No
EMP_0611,26,Male,Yes,14204,30,14,4,4,HR,No
EMP_0612,59,Female,No,2525,20,1,2,2,Sales,No
EMP_0613,24,Female,No,9968,39,19,4,1,Sales,No
EMP_0614,44,Female,Yes,8910,12,6,1,3,Sales,Yes
EMP_0615,58,Male,No,11152,17,11,3,1,Sales,No
EMP_0616,58,Male,No,6264,30,17,4,3,Sales,No
EMP_0617,31,Female,No,9099,29,2,2,1,HR,No
EMP_0618,31,Male,No,14123,19,6,4,4,Sales,No
EMP_0619,40,Male,No,7602,11,10,4,2,HR,No
EMP_0620,38,Female,No,9506,34,17,4,4,Sales,No
EMP_0621,42,Female,Yes,5983,7,11,3,4,R&D,No
EMP_0622,35,Female,No,4494,34,5,1,3,R&D,No
EMP_0623,30,Female,Yes,11182,20,4,2,3,Sales,No
EMP_0624,22,Male,No,3572,38,0,3,3,R&D,No
EMP_0625,34,Male,No,9207,24,11,2,4,HR,No
EMP_0626,25,Female,No,13865,10,10,2,1,Sales,No
EMP_0627,22,Male,No,2715,32,3,2,1,HR,No
EMP_0628,53,Female,No,10105,15,17,3,4,Sales,Yes
EMP_0629,55,Female,No,12415,37,3,1,4,R&D,Yes
EMP_0630,49,Male,No,12284,20,16,2,2,HR,No
EMP_0631,52,Female,Yes,5106,3,1,1,3,R&D,Yes
EMP_0632,29,Male,No,10850,37,1,1,3,R&D,No
EMP_0633,47,Male,No,7281,8,11,4,4,Sales,No
EMP_0634,55,Male,No,5813,23,5,3,4,HR,No
EMP_0635,24,Male,Yes,13533,11,9,3,1,R&D,No
EMP_0636,33,Female,Yes,,8,15,4,4,Sales,No
EMP_0637,22,Male,Yes,12744,29,13,4,1,Sales,No
EMP_0638,26,Female,Yes,10263,30,6,1,4,Sales,Yes
EMP_0639,51,Female,No,8439,10,18,2,2,R&D,Yes
EMP_0640,51,Female,No,4795,39,16,3,2,Sales,No
EMP_0641,38,Female,No,8185,28,8,2,1,HR,No
EMP_0642,44,Male,Yes,,36,12,2,3,HR,Yes
EMP_0643,36,Male,Yes,13685,13,4,4,2,R&D,No
EMP_0644,58,Female,Yes,13161,32,4,2,1,HR,No
EMP_0645,42,Female,Yes,4446,36,9,1,4,Sales,No
EMP_0646,35,Male,Yes,14501,37,9,4,4,R&D,No
EMP_0647,23,Female,Yes,5283,26,6,2,1,Sales,No
EMP_0648,32,Male,No,6144,22,14,4,3,R&D,Yes
EMP_0649,59,Female,No,7741,4,6,1,1,R&D,No
EMP_0650,55,Male,No,8920,31,14,1,1,Sales,No
EMP_0651,59,Female,No,13192,18,2,2,2,HR,No
EMP_0652,55,Female,No,10057,38,18,4,1,HR,No
EMP_0653,39,Male,Yes,14337,24,9,2,1,R&D,No
EMP_0654,51,Female,Yes,5145,23,14,2,4,Sales,No
EMP_0655,36,Female,No,9089,22,2,4,2,Sales,No
EMP_0656,48,Male,Yes,8853,2,5,2,4,R&D,No
EMP_0657,55,Female,No,13041,31,11,1,4,HR,No
EMP_0658,59,Male,No,4432,11,14,4,3,Sales,No
EMP_0659,54,Male,No,13986,28,5,4,3,HR,No
EMP_0660,45,Female,No,4257,32,12,4,2,HR,No
EMP_0661,36,Female,No,7585,5,18,4,2,R&D,No
EMP_0662,51,Female,Yes,8137,38,2,2,3,R&D,No
EMP_0663,38,Female,Yes,3616,10,7,2,3,HR,No
EMP_0664,26,Female,No,13259,24,7,1,3,Sales,No
EMP_0665,50,Female,No,14191,35,19,3,3,Sales,Yes
EMP_0666,25,Female,Yes,2992,23,14,3,3,R&D,Yes
EMP_0667,31,Male,No,13998,17,3,1,4,HR,No
EMP_0668,38,Female,No,11311,1,18,3,2,Sales,No
EMP_0669,31,Male,No,13924,31,2,1,4,Sales,No
EMP_0670,38,Female,No,10388,31,12,2,4,R&D,No
EMP_0671,41,Female,No,14515,34,7,4,1,HR,No
EMP_0672,45,Male,No,8974,9,15,4,4,Sales,No
EMP_0673,26,Female,No,13072,22,12,2,3,R&D,No
EMP_0674,55,Female,Yes,12238,13,2,4,3,Sales,Yes
EMP_0675,27,Male,No,7458,25,15,4,1,Sales,No
EMP_0676,23,Female,Yes,14255,18,8,3,1,Sales,No
EMP_0677,34,Female,No,12297,12,13,2,1,R&D,No
EMP_0678,32,Female,No,14444,17,12,3,1,HR,No
EMP_0679,44,Male,No,12582,15,6,3,1,R&D,No
EMP_0680,37,Female,No,11967,15,14,4,4,HR,No
EMP_0681,52,Female,Yes,5243,15,6,4,1,Sales,No
EMP_0682,32,Female,Yes,10366,39,5,2,4,HR,Yes
EMP_0683,37,Female,No,13185,13,1,4,2,Sales,No
EMP_0684,29,Male,No,9660,17,8,4,1,Sales,No
EMP_0685,25,Male,Yes,7951,32,16,2,1,R&D,No
EMP_0686,25,Female,No,7758,9,4,4,4,Sales,No
EMP_0687,46,Female,No,11048,20,11,3,2,R&D,No
EMP_0688,24,Male,No,9686,26,0,2,4,HR,No
EMP_0689,53,Male,Yes,8602,27,9,4,4,HR,Yes
EMP_0690,24,Female,No,11561,21,10,1,1,Sales,No
EMP_0691,48,Male,No,11577,18,15,2,3,R&D,No
EMP_0692,50,Female,No,12693,13,13,2,3,Sales,No
EMP_0693,53,Male,No,11975,16,7,1,4,R&D,No
EMP_0694,40,Male,No,3119,9,16,4,1,R&D,No
EMP_0695,42,Male,Yes,3382,12,17,4,2,R&D,No
EMP_0696,26,Male,No,11488,38,11,2,3,HR,No
EMP_0697,39,Female,No,6142,,16,2,2,R&D,No
EMP_0698,49,Male,Yes,14117,7,13,4,3,HR,No
EMP_0699,43,Male,No,3796,35,15,4,1,R&D,No
EMP_0700,42,Female,Yes,10936,18,13,3,4,HR,No
EMP_0701,27,Male,Yes,5395,16,8,2,2,HR,No
EMP_0702,22,Male,No,9093,39,3,2,2,HR,No
EMP_0703,26,Female,No,,4,10,1,4,Sales,Yes
EMP_0704,33,Male,No,7866,25,5,3,2,R&D,No
EMP_0705,47,Female,Yes,11211,32,14,4,3,Sales,No
EMP_0706,55,Female,No,5712,13,4,3,4,R&D,Yes
EMP_0707,35,Female,Yes,4909,17,10,4,3,R&D,No
EMP_0708,47,Female,No,10699,37,17,4,3,Sales,No
EMP_0709,48,Male,No,13217,6,12,3,1,HR,No
EMP_0710,30,Female,No,5923,19,10,2,3,R&D,Yes
EMP_0711,47,Male,No,12711,13,13,4,1,HR,Yes
EMP_0712,43,Male,No,9476,,17,3,2,Sales,No
EMP_0713,51,Male,No,10094,14,18,1,2,HR,Yes
EMP_0714,38,Male,No,7658,31,14,3,1,R&D,No
EMP_0715,47,Male,No,14974,4,8,1,3,R&D,No
EMP_0716,57,Male,No,6167,39,7,4,4,R&D,No
EMP_0717,22,Male,Yes,14363,8,19,3,4,Sales,No
EMP_0718,29,Male,Yes,13493,25,0,3,1,R&D,No
EMP_0719,56,Male,No,8473,13,3,1,2,Sales,No
EMP_0720,36,Male,Yes,8736,32,13,3,2,HR,No
EMP_0721,43,Female,Yes,10777,38,1,3,4,R&D,Yes
EMP_0722,35,Female,No,13807,38,15,4,1,R&D,No
EMP_0723,47,Female,No,14924,28,2,3,4,R&D,No
EMP_0724,49,Male,No,4968,30,7,2,3,HR,Yes
EMP_0725,44,Female,No,8717,,5,1,3,R&D,Yes
EMP_0726,35,Female,No,6119,28,15,3,1,Sales,No
EMP_0727,45,Female,Yes,4136,3,15,1,1,HR,No
EMP_0728,23,Male,No,10655,34,6,1,3,HR,No
EMP_0729,47,Male,Yes,6083,16,12,1,2,HR,No
EMP_0730,35,Male,No,6509,22,12,3,1,HR,No
EMP_0731,28,Male,No,5826,32,4,3,3,HR,No
EMP_0732,24,Female,No,12910,38,19,1,3,Sales,No
EMP_0733,44,Female,No,10648,8,17,2,2,HR,Yes
EMP_0734,39,Female,No,4717,8,14,1,2,R&D,No
EMP_0735,59,Female,Yes,7467,6,17,2,2,HR,No
EMP_0736,56,Male,No,4869,14,1,1,2,HR,No
EMP_0737,36,Male,Yes,,32,9,4,4,HR,No
EMP_0738,46,Male,Yes,13195,35,12,1,2,HR,Yes
EMP_0739,58,Female,Yes,11635,10,17,1,4,HR,No
EMP_0740,49,Male,No,8222,3,14,3,1,Sales,Yes
EMP_0741,31,Male,No,13529,12,11,2,3,Sales,No
EMP_0742,38,Female,Yes,13352,31,14,4,4,HR,No
EMP_0743,43,Female,No,13628,29,12,2,1,Sales,No
EMP_0744,47,Male,No,6944,5,17,4,1,R&D,Yes
EMP_0745,46,Male,Yes,10118,25,14,1,4,HR,No
EMP_0746,38,Male,No,6447,31,10,3,1,R&D,No
EMP_0747,34,Male,No,4176,21,18,3,1,R&D,No
EMP_0748,41,Male,No,3696,20,2,2,4,HR,No
EMP_0749,46,Male,No,14797,39,6,3,1,R&D,No
EMP_0750,25,Female,Yes,5287,22,13,2,2,R&D,No
EMP_0751,31,Female,No,9932,4,13,2,2,R&D,No
EMP_0752,24,Female,No,12153,13,12,4,3,HR,No
EMP_0753,39,Male,No,10427,20,11,2,1,HR,No
EMP_0754,57,Female,Yes,5818,13,8,4,3,R&D,No
EMP_0755,43,Male,No,11358,17,0,3,2,HR,No
EMP_0756,55,Male,No,9189,36,18,2,2,HR,Yes
EMP_0757,29,Female,Yes,4676,33,10,2,2,R&D,No
EMP_0758,40,Male,No,6243,1,18,1,1,HR,No
EMP_0759,58,Male,No,11292,15,17,2,1,Sales,No
EMP_0760,27,Female,No,13344,13,11,2,2,HR,No
EMP_0761,47,Female,No,6922,17,0,1,3,Sales,No
EMP_0762,55,Female,No,6324,24,18,1,3,R&D,No
EMP_0763,27,Male,No,14598,8,19,3,4,HR,No
EMP_0764,58,Female,No,11671,27,16,2,2,R&D,No
EMP_0765,54,Female,Yes,4951,23,4,3,3,R&D,No
EMP_0766,43,Male,No,3128,8,2,3,2,R&D,Yes
EMP_0767,42,Female,No,12321,8,1,1,3,R&D,Yes
EMP_0768,27,Female,No,10278,26,2,4,4,R&D,No
EMP_0769,27,Female,No,6196,13,7,3,4,HR,No
EMP_0770,25,Male,Yes,14122,39,15,4,2,Sales,No
EMP_0771,51,Male,No,6174,37,5,2,3,HR,Yes
EMP_0772,32,Male,No,6429,28,12,1,1,HR,No
EMP_0773,51,Male,No,5265,25,15,2,4,HR,No
EMP_0774,52,Female,No,6869,16,15,2,2,HR,No
EMP_0775,45,Male,No,10807,2,2,1,2,Sales,Yes
EMP_0776,30,Male,Yes,7456,18,12,2,3,HR,No
EMP_0777,24,Female,No,12695,17,13,1,2,R&D,No
EMP_0778,52,Female,Yes,3192,30,7,4,4,HR,No
EMP_0779,58,Female,Yes,5662,39,11,2,2,HR,No
EMP_0780,57,Male,No,3605,13,7,1,2,Sales,Yes
EMP_0781,45,Male,Yes,5508,32,8,3,1,Sales,No
EMP_0782,52,Male,No,4661,,0,2,1,R&D,No
EMP_0783,27,Female,No,10845,30,5,4,4,HR,No
EMP_0784,23,Female,No,6199,18,18,1,3,HR,Yes
EMP_0785,41,Male,Yes,6286,13,10,2,1,HR,No
EMP_0786,49,Female,No,11756,21,10,2,3,R&D,No
EMP_0787,32,Female,Yes,6700,30,12,2,4,Sales,No
EMP_0788,25,Female,No,4413,21,10,4,1,R&D,No
EMP_0789,36,Male,No,11908,17,17,1,3,HR,Yes
EMP_0790,27,Female,No,8020,19,14,3,1,Sales,No
EMP_0791,51,Female,No,,15,0,3,4,Sales,No
EMP_0792,59,Male,No,4272,9,6,3,4,R&D,No
EMP_0793,23,Male,Yes,12652,10,12,1,1,Sales,No
EMP_0794,36,Female,No,5280,31,11,3,3,Sales,No
EMP_0795,32,Female,No,9923,23,17,4,2,HR,No
EMP_0796,29,Male,No,5371,30,18,1,2,HR,No
EMP_0797,47,Male,Yes,3160,33,14,2,1,Sales,No
EMP_0798,26,Female,Yes,8742,9,7,4,3,Sales,No
EMP_0799,27,Female,Yes,13327,1,18,2,2,R&D,No
EMP_0800,47,Female,No,13021,35,9,3,4,R&D,No
EMP_0801,25,Female,No,14646,11,6,4,3,Sales,No
EMP_0802,40,Male,No,13142,34,17,1,2,HR,No
EMP_0803,41,Female,No,3632,16,15,4,3,Sales,No
EMP_0804,54,Female,Yes,3199,9,19,2,1,Sales,No
EMP_0805,41,Male,No,9970,32,5,1,3,HR,No
EMP_0806,33,Female,No,12730,15,8,4,2,HR,No
EMP_0807,22,Male,No,8797,12,12,4,1,R&D,Yes
EMP_0808,47,Female,No,10312,33,7,4,3,R&D,No
EMP_0809,35,Female,No,7057,14,15,4,4,R&D,Yes
EMP_0810,59,Male,No,4679,8,12,1,2,R&D,No
EMP_0811,58,Male,Yes,13530,8,12,2,1,HR,No
EMP_0812,32,Female,Yes,11565,27,16,4,3,Sales,No
EMP_0813,57,Female,No,10775,,19,1,4,R&D,Yes
EMP_0814,34,Female,Yes,3922,1,4,2,2,R&D,No
EMP_0815,24,Male,No,13367,11,16,4,4,HR,Yes
EMP_0816,54,Female,Yes,5680,39,8,2,3,HR,No
EMP_0817,27,Male,No,6816,31,1,2,3,Sales,No
EMP_0818,31,Male,Yes,14667,,17,1,1,Sales,No
EMP_0819,26,Female,No,9196,33,8,2,4,HR,No
EMP_0820,44,Male,No,12083,32,5,1,1,R&D,Yes
EMP_0821,31,Female,Yes,13910,29,10,4,2,R&D,No
EMP_0822,23,Female,Yes,14899,21,5,2,1,R&D,Yes
EMP_0823,34,Female,No,3114,21,5,2,2,Sales,No
EMP_0824,23,Female,No,13663,23,12,3,3,R&D,No
EMP_0825,41,Female,Yes,14257,6,10,4,3,R&D,No
EMP_0826,22,Male,No,14268,22,13,4,4,HR,No
EMP_0827,58,Male,Yes,7070,38,1,3,2,R&D,No
EMP_0828,30,Female,No,2770,37,7,3,3,HR,No
EMP_0829,38,Female,No,14758,8,2,1,4,R&D,No
EMP_0830,30,Male,No,4968,35,2,1,4,Sales,Yes
EMP_0831,32,Male,No,12082,11,0,2,1,R&D,No
EMP_0832,36,Male,Yes,14046,24,18,2,4,R&D,No
EMP_0833,45,Male,No,14827,21,17,2,3,HR,No
EMP_0834,59,Female,Yes,6107,2,16,2,1,HR,No
EMP_0835,56,Female,No,13275,19,19,1,2,HR,No
EMP_0836,51,Male,No,14765,39,12,4,2,R&D,No
EMP_0837,52,Female,No,5575,28,2,2,3,R&D,No
EMP_0838,26,Male,Yes,14598,17,0,4,3,Sales,No
EMP_0839,35,Female,Yes,2789,6,3,2,1,R&D,Yes
EMP_0840,32,Male,No,10620,19,12,3,1,Sales,No
EMP_0841,30,Female,No,13172,38,16,2,3,HR,No
EMP_0842,55,Male,Yes,9114,28,10,2,3,HR,No
EMP_0843,33,Male,No,5752,2,1,2,2,HR,No
EMP_0844,56,Female,Yes,9915,38,15,1,2,Sales,Yes
EMP_0845,56,Male,No,9271,37,1,3,2,R&D,No
EMP_0846,22,Female,No,2778,4,18,2,3,HR,No
EMP_0847,43,Female,No,,22,18,2,4,R&D,No
EMP_0848,50,Male,Yes,3080,26,15,4,3,R&D,No
EMP_0849,29,Female,No,7458,36,18,3,3,HR,No
EMP_0850,32,Female,Yes,10945,13,8,2,2,Sales,No
EMP_0851,58,Female,No,6776,32,0,4,3,R&D,No
EMP_0852,35,Female,Yes,10497,17,9,4,1,HR,No
EMP_0853,51,Female,No,7276,36,18,1,3,R&D,No
EMP_0854,56,Male,No,3324,19,0,4,3,R&D,No
EMP_0855,42,Female,No,6332,35,1,2,3,R&D,No
EMP_0856,58,Female,No,11391,28,15,1,3,R&D,Yes
EMP_0857,26,Female,No,7945,1,11,1,4,R&D,No
EMP_0858,40,Female,No,3880,18,7,2,3,Sales,No
EMP_0859,35,Female,No,14588,33,17,3,1,Sales,No
EMP_0860,47,Male,No,12365,12,1,4,1,HR,No
EMP_0861,25,Female,No,13419,8,12,1,3,Sales,No
EMP_0862,46,Male,No,9034,24,5,3,2,Sales,Yes
EMP_0863,46,Male,No,5656,16,5,2,4,Sales,No
EMP_0864,39,Male,No,14080,4,8,4,3,R&D,No
EMP_0865,29,Male,Yes,6807,38,15,4,3,R&D,No
EMP_0866,35,Female,Yes,8134,27,10,1,3,HR,No
EMP_0867,53,Male,Yes,11075,9,6,4,2,HR,No
EMP_0868,59,Male,Yes,8310,16,9,4,2,HR,No
EMP_0869,54,Female,Yes,11033,12,9,4,2,R&D,No
EMP_0870,44,Female,No,8434,31,19,4,4,Sales,Yes
EMP_0871,36,Female,Yes,12679,24,17,2,1,Sales,No
EMP_0872,54,Male,No,14751,14,19,3,4,R&D,No
EMP_0873,46,Female,Yes,5609,25,8,2,2,HR,No
EMP_0874,38,Female,Yes,6582,34,14,2,1,HR,No
EMP_0875,54,Male,No,13490,3,3,1,1,HR,No
EMP_0876,23,Female,No,5740,24,7,4,2,R&D,No
EMP_0877,35,Female,Yes,12680,9,8,2,2,HR,Yes
EMP_0878,27,Female,No,8528,26,12,4,4,HR,No
EMP_0879,27,Female,No,14106,20,8,2,2,R&D,No
EMP_0880,24,Male,No,4349,10,3,2,1,Sales,No
EMP_0881,28,Female,No,10997,19,16,1,3,R&D,No
EMP_0882,29,Female,No,14305,3,15,3,2,R&D,No
EMP_0883,36,Male,No,5249,24,14,3,2,R&D,Yes
EMP_0884,50,Female,No,9180,5,2,2,4,R&D,No
EMP_0885,54,Male,No,11827,3,19,1,4,Sales,No
EMP_0886,51,Female,Yes,2705,27,4,4,2,HR,Yes
EMP_0887,48,Male,No,9852,16,4,4,1,R&D,No
EMP_0888,57,Male,Yes,7091,15,19,2,1,Sales,No
EMP_0889,50,Male,No,5950,35,14,3,3,HR,No
EMP_0890,59,Male,No,9714,12,17,1,2,HR,No
EMP_0891,54,Female,No,6311,26,14,3,4,HR,No
EMP_0892,58,Male,Yes,14314,34,1,4,1,R&D,No
EMP_0893,48,Female,Yes,14291,23,12,3,3,R&D,No
EMP_0894,54,Male,No,13243,31,3,4,2,HR,No
EMP_0895,25,Male,No,7641,20,9,1,1,HR,No
EMP_0896,43,Male,No,11001,12,12,1,2,HR,No
EMP_0897,23,Female,Yes,5208,23,9,2,2,HR,No
EMP_0898,31,Male,No,4491,4,8,2,1,HR,Yes
EMP_0899,26,Female,Yes,10963,23,7,3,1,HR,No
EMP_0900,31,Female,No,14334,1,2,1,1,Sales,No
EMP_0901,54,Female,Yes,14778,25,15,1,2,HR,No
EMP_0902,59,Female,No,12514,2,13,2,2,R&D,No
EMP_0903,34,Female,Yes,5773,30,8,4,3,R&D,No
EMP_0904,52,Female,No,7038,3,10,3,4,R&D,No
EMP_0905,57,Female,No,11212,21,2,3,2,HR,No
EMP_0906,45,Female,Yes,11668,25,4,2,4,R&D,No
EMP_0907,36,Female,No,6222,20,9,1,1,Sales,No
EMP_0908,50,Male,Yes,6051,22,12,2,2,HR,Yes
EMP_0909,29,Male,Yes,14797,21,3,2,3,R&D,No
EMP_0910,26,Male,No,13465,33,12,2,3,Sales,No
EMP_0911,50,Male,No,13244,38,11,2,4,Sales,Yes
EMP_0912,25,Male,No,5332,,4,4,1,R&D,Yes
EMP_0913,33,Female,No,14599,15,9,4,4,Sales,Yes
EMP_0914,23,Female,No,8179,25,8,1,1,R&D,Yes
EMP_0915,48,Female,Yes,,21,19,2,3,Sales,No
EMP_0916,52,Female,Yes,2652,24,6,4,4,HR,No
EMP_0917,57,Female,No,8254,5,1,1,3,HR,No
EMP_0918,57,Female,No,13656,6,6,2,3,HR,No
EMP_0919,47,Female,Yes,13608,23,7,3,1,HR,No
EMP_0920,48,Male,Yes,5300,4,6,4,4,HR,No
EMP_0921,26,Male,No,7810,27,13,1,4,R&D,No
EMP_0922,41,Male,No,12444,18,18,3,3,HR,No
EMP_0923,32,Male,Yes,5110,21,4,2,3,HR,No
EMP_0924,31,Female,No,14567,28,17,2,1,HR,No
EMP_0925,59,Female,No,3604,35,19,2,2,HR,No
EMP_0926,27,Female,Yes,13228,22,11,4,2,Sales,Yes
EMP_0927,29,Male,Yes,9861,23,16,1,3,HR,No
EMP_0928,44,Female,No,6699,3,12,3,2,HR,No
EMP_0929,47,Female,No,6354,10,1,1,2,R&D,No
EMP_0930,33,Female,Yes,9763,25,12,4,2,Sales,No
EMP_0931,47,Male,No,14186,8,6,1,2,R&D,Yes
EMP_0932,34,Female,No,4414,11,9,4,3,HR,No
EMP_0933,39,Male,No,9865,5,5,2,2,R&D,No
EMP_0934,46,Male,No,5572,37,2,3,2,R&D,No
EMP_0935,54,Male,No,11698,38,2,2,1,HR,No
EMP_0936,33,Male,No,2906,29,17,1,3,Sales,No
EMP_0937,57,Female,No,2666,5,10,2,4,Sales,Yes
EMP_0938,25,Male,No,3008,9,19,3,4,R&D,No
EMP_0939,26,Male,No,4161,2,4,2,1,HR,No
EMP_0940,58,Female,No,6164,1,18,3,1,R&D,No
EMP_0941,29,Female,Yes,5989,30,18,3,3,R&D,Yes
EMP_0942,49,Male,No,3180,11,14,2,4,R&D,No
EMP_0943,52,Female,No,5024,28,15,4,2,HR,No
EMP_0944,30,Male,Yes,4620,12,8,1,1,HR,No
EMP_0945,50,Male,No,7760,39,3,4,4,Sales,No
EMP_0946,35,Male,No,6857,26,14,4,3,HR,No
EMP_0947,43,Male,Yes,3863,13,11,2,2,R&D,No
EMP_0948,32,Female,No,12023,8,2,1,3,R&D,No
EMP_0949,44,Male,Yes,4792,28,13,1,1,Sales,No
EMP_0950,22,Female,Yes,4038,30,16,4,4,HR,No
EMP_0951,58,Female,No,5908,9,18,2,4,R&D,No
EMP_0952,42,Female,Yes,10242,39,5,1,4,Sales,No
EMP_0953,47,Female,No,11252,31,3,4,4,Sales,No
EMP_0954,57,Male,No,11791,21,6,1,2,R&D,No
EMP_0955,44,Female,No,4403,34,18,2,2,R&D,No
EMP_0956,22,Male,No,2674,31,16,2,3,HR,No
EMP_0957,36,Female,Yes,12848,25,15,2,2,Sales,No
EMP_0958,42,Female,No,4730,12,14,1,1,R&D,No
EMP_0959,30,Male,Yes,6787,1,7,3,1,Sales,No
EMP_0960,30,Male,No,6660,22,18,1,4,HR,No
EMP_0961,31,Male,No,14612,37,7,3,1,R&D,Yes
EMP_0962,47,Female,Yes,9606,1,17,2,3,HR,Yes
EMP_0963,56,Female,No,,1,15,4,2,Sales,No
EMP_0964,46,Male,No,14546,21,19,3,2,HR,No
EMP_0965,47,Male,No,5671,15,18,2,2,HR,No
EMP_0966,32,Male,No,4067,17,9,2,1,Sales,Yes
EMP_0967,59,Male,Yes,3651,22,16,3,2,HR,Yes
EMP_0968,23,Female,No,10119,38,12,4,4,Sales,Yes
EMP_0969,28,Male,Yes,8533,35,12,2,4,R&D,Yes
EMP_0970,39,Male,No,11060,16,6,3,4,Sales,Yes
EMP_0971,48,Male,No,7446,8,9,4,1,Sales,No
EMP_0972,55,Male,No,10734,17,1,4,2,R&D,No
EMP_0973,48,Female,No,4407,17,3,2,1,Sales,No
EMP_0974,38,Male,Yes,5990,26,5,1,2,R&D,No
EMP_0975,45,Female,No,5035,13,17,1,3,R&D,No
EMP_0976,46,Male,No,,17,5,2,3,Sales,Yes
EMP_0977,28,Male,Yes,13565,38,16,4,1,HR,Yes
EMP_0978,27,Female,No,12516,17,13,2,4,HR,No
EMP_0979,45,Male,Yes,3793,14,10,3,1,R&D,No
EMP_0980,54,Female,No,7269,6,18,1,4,HR,No
EMP_0981,50,Female,No,7296,35,1,3,2,HR,No
EMP_0982,43,Male,No,9371,14,2,2,4,Sales,No
EMP_0983,47,Female,Yes,14078,8,10,2,4,R&D,No
EMP_0984,49,Female,No,5472,15,5,4,2,R&D,No
EMP_0985,42,Female,No,6422,27,13,4,3,Sales,No
EMP_0986,28,Female,No,7497,13,18,4,2,HR,No
EMP_0987,38,Female,No,9532,31,15,3,1,R&D,No
EMP_0988,41,Female,No,3492,35,6,4,1,HR,Yes
EMP_0989,41,Female,No,10612,6,7,2,1,R&D,No
EMP_0990,43,Female,No,7787,5,18,4,1,R&D,No
EMP_0991,49,Male,No,13078,22,19,1,1,R&D,No
EMP_0992,28,Male,No,4740,23,15,4,3,R&D,No
EMP_0993,22,Female,No,3976,25,6,3,3,HR,No
EMP_0994,53,Male,No,8926,34,8,1,4,HR,No
EMP_0995,34,Female,No,14099,26,12,1,1,HR,No
EMP_0996,51,Female,Yes,2889,5,0,1,2,HR,No
EMP_0997,44,Male,Yes,3499,26,7,3,1,Sales,No
EMP_0998,40,Female,Yes,4355,20,3,2,3,R&D,No
EMP_0999,53,Female,Yes,10625,6,2,4,1,R&D,No